{
	"name": "Example",
	"version": "1.0",
	"author": "...",
	"url": "https://www.mediawiki.org/wiki/Skin:Example",
	"descriptionmsg": "example-desc",
	"namemsg": "skinname-example",
	"license-name": "CC0-1.0",
	"type": "skin",
	"ValidSkinNames": {
		"example": "Example"
	},
	"MessagesDirs": {
		"Example": [
			"i18n"
		]
	},
	"ResourceModules": {
		"skins.example": {
			"class": "ResourceLoaderSkinModule",
			"position": "top",
			"styles": {
				"resources/libraries/normalise.css": {
					"media": "screen"
				},
				"resources/screen-common.less": {
					"media": "screen"
				},
				"resources/screen-desktop.less": {
					"media": "screen and (min-width: 751px)"
				},
				"resources/screen-mobile.less": {
					"media": "screen and (max-width: 750px)"
				},
				"resources/print.css": {
					"media": "print"
				}
			}
		},
		"skins.example.js": {
			"position": "bottom",
			"scripts": [
				"resources/main.js"
			]
		}
	},
	"ResourceFileModulePaths": {
		"localBasePath": "",
		"remoteSkinPath": "Example"
	},
	"AutoloadClasses": {
		"SkinExample": "Example.skin.php",
		"ExampleTemplate": "ExampleTemplate.php"
	},
	"manifest_version": 1
}
